{"_step":14,"_timestamp":1.74270881295331e+09,"_wandb":{"runtime":3},"best_val_acc":0.943810096153846,"epoch":15,"val_acc":0.943810096153846,"_runtime":178.44215}