{"_step":14,"epoch":15,"val_acc":0.9438100961538461,"best_val_acc":0.9438100961538461,"_timestamp":1.74270881295331e+09,"_wandb":{"runtime":179},"_runtime":178.44215}